{"0": 1.0036908380373426, "1": 0.9963362068965518}